E47G078002,1,2,3,4,5,6,7
E47G069002,1,1,2,3,4,5,6
E47G066009,1,1,2,3,4,5,6
E47G063007,1,2,3,4,5,6,7
E46G091092,1,1,1,2,3,3,4
E46G083094,1,2,2,3,4,5,6
E47G065008,1,1,2,3,4,5,6
E46G061092,1,2,2,3,4,5,6
E46G070086,1,1,1,1,2,2,3
E47G086003,1,1,1,2,3,3,4
E46G067095,1,2,2,2,3,4,5
E46G074090,1,2,2,3,4,4,5
E46G078096,1,2,3,4,0,5,6
E47G071002,1,1,2,3,4,5,6
E47G076008,1,2,3,3,4,5,6
E47G064008,1,2,3,4,5,6,7
E46G086090,1,2,2,3,3,3,4
E46G071090,1,2,2,3,4,4,5
E46G073090,1,2,2,3,4,4,5
E46G092094,1,0,0,0,0,0,0
E47G070002,1,1,2,3,4,5,6
E46G082088,1,2,2,3,3,3,4
E46G089096,1,0,0,0,0,0,0
E46G088090,1,2,2,3,3,3,4
E46G087086,1,2,2,3,3,3,4
E46G061095,1,2,2,2,3,3,4
E46G077089,1,1,1,2,3,3,4
E47G084002,1,2,3,4,5,6,7
E46G082094,1,2,2,3,4,5,6
E46G069089,1,2,2,3,4,4,5
E47G090001,1,0,0,0,0,0,0
E46G059094,1,1,1,1,2,2,3
E46G065095,1,2,2,2,3,3,4
E46G083096,1,2,3,4,5,6,7
E47G061007,1,2,2,3,4,5,6
E46G079085,1,1,1,2,0,3,3
E46G088087,1,2,2,3,3,3,4
E46G089090,1,2,2,3,3,3,4
E46G072094,1,2,2,3,4,5,6
E46G087096,1,2,3,4,5,5,6
E46G072091,1,2,2,3,4,5,6
E46G082096,1,2,3,4,5,6,7
E46G069096,1,2,3,4,5,6,7
E46G084090,1,2,2,3,3,3,4
E46G073085,1,1,1,2,3,3,4
E47G057003,1,1,1,2,3,4,5
E46G068089,1,2,2,3,4,4,5
E47G076006,1,2,3,4,5,6,7
E47G074013,1,0,0,0,0,0,0
E47G084004,1,1,1,2,3,4,5
E46G074087,1,1,1,2,2,2,3
E46G088086,1,0,0,0,0,0,0
E46G066089,1,2,2,3,4,4,5
E46G086091,1,2,2,3,3,3,4
E47G067012,1,2,2,3,4,4,5
E47G072013,1,0,0,0,0,0,0
E47G085006,1,0,0,0,0,0,0
E47G062011,1,1,1,2,3,3,4
E46G059092,1,1,1,2,3,4,5
E46G088093,1,2,2,3,4,4,5
E46G085085,1,2,2,3,3,3,4
E46G079086,1,1,1,2,0,3,4
E46G065094,1,2,2,2,3,3,4
E46G075087,1,1,1,2,2,2,3
E47G070009,1,1,2,3,4,5,6
E47G068004,1,1,2,3,4,5,6
E47G069009,1,1,2,3,4,5,6
E46G068094,1,2,2,2,3,4,5
E47G070007,1,1,2,3,4,5,6
E46G079087,1,1,1,2,0,3,4
E47G080004,1,1,2,3,4,5,6
E47G064004,1,2,3,4,5,6,7
E47G079005,1,1,2,3,4,5,6
E46G080087,1,1,1,2,0,3,4
E46G094092,1,0,0,0,0,0,0
E46G067089,1,2,2,3,4,4,5
E47G080010,1,2,2,2,3,3,4
E47G075002,1,1,2,3,4,5,6
E46G071091,1,2,2,3,4,4,5
E46G092090,1,2,2,3,3,3,4
E46G073084,1,0,0,0,0,0,0
E46G073096,1,2,3,4,5,6,7
E46G093093,1,0,0,0,0,0,0
E47G083010,1,0,0,0,0,0,0
E46G072095,1,2,2,3,4,4,5
E47G059003,1,1,1,2,3,4,5
E46G090090,1,1,1,2,2,2,3
E46G083095,1,2,2,3,4,4,5
E46G083088,1,2,2,3,3,3,4
E46G068096,1,2,3,4,5,6,7
E46G078087,1,1,1,2,3,3,4
E47G058001,1,1,1,2,3,4,5
E47G066004,1,1,2,3,4,5,6
E47G073002,1,1,2,3,4,5,6
E47G066006,1,1,2,3,4,5,6
E47G084008,1,0,0,0,0,0,0
E47G068001,1,2,3,4,5,6,7
E46G084095,1,2,2,3,4,4,5
E46G068088,1,2,2,2,3,3,4
E46G084091,1,2,2,3,3,4,5
E47G071010,1,1,1,2,3,4,5
E47G081010,1,2,2,2,3,3,4
E46G066087,1,1,1,1,2,2,3
E46G080086,1,1,1,2,0,3,4
E46G063094,1,2,2,2,3,3,4
E47G068003,1,1,2,3,4,5,6
E46G080096,1,2,3,4,0,5,6
E47G074001,1,1,2,3,4,5,6
E46G064089,1,2,2,3,4,4,5
E47G070010,1,1,1,2,3,4,5
E47G064013,1,0,0,0,0,0,0
E47G084009,1,0,0,0,0,0,0
E47G078012,1,1,1,2,3,3,3
E47G083008,1,2,2,2,3,4,5
E46G094091,1,0,0,0,0,0,0
E46G078093,1,2,2,3,0,4,5
E46G066092,1,2,2,3,4,4,5
E47G062005,1,2,2,3,4,5,6
E46G081094,1,2,2,3,4,5,6
E47G079012,1,2,2,3,4,4,4
E47G082004,1,1,2,3,4,5,6
E46G061089,1,0,0,0,0,0,0
E47G064012,1,2,2,3,4,5,6
E46G076085,1,1,1,2,2,2,3
E47G069006,1,1,2,3,4,5,6
E46G095091,1,0,0,0,0,0,0
E46G076087,1,1,1,2,3,3,4
E47G076007,1,2,3,4,5,6,7
E47G061012,1,2,2,3,4,4,5
E46G080093,1,2,2,3,0,4,5
E46G062091,1,2,2,3,4,4,5
E46G076089,1,2,2,3,4,4,5
E46G085094,1,2,2,3,4,4,5
E46G059095,1,1,1,1,2,2,3
E46G070094,1,2,2,2,3,4,5
E46G065096,1,2,2,3,4,5,6
E46G075094,1,2,2,3,4,5,6
E46G086085,1,0,0,0,0,0,0
E47G079007,1,2,3,4,5,6,7
E46G088091,1,2,2,3,4,4,5
E47G077012,1,1,1,2,3,3,3
E46G077084,1,1,1,2,3,3,4
E47G064006,1,2,3,4,5,6,7
E47G069004,1,1,2,3,4,5,6
E47G076011,1,1,1,1,2,2,3
E46G066094,1,2,2,2,3,4,5
E47G062002,1,2,2,3,4,5,6
E46G069086,1,1,1,1,2,2,3
E47G059004,1,1,1,2,3,3,4
E46G081086,1,1,1,2,0,3,4
E47G079010,1,2,2,2,3,3,4
E47G064003,1,2,2,3,4,5,6
E47G074012,1,2,2,2,3,3,3
E46G081093,1,2,2,3,4,5,6
E47G058003,1,1,1,2,3,4,5
E47G076005,1,2,3,4,5,6,7
E46G085093,1,2,2,3,4,5,6
E46G075091,1,2,2,3,4,5,6
E47G078001,1,2,3,4,5,6,7
E47G079002,1,2,3,4,5,6,7
E46G094089,1,0,0,0,0,0,0
E47G079009,1,2,3,3,4,5,6
E46G093094,1,0,0,0,0,0,0
E47G074008,1,2,3,3,4,5,6
E47G057008,1,1,1,2,3,3,4
E47G073008,1,2,3,3,4,5,6
E46G077090,1,1,1,2,3,3,4
E46G072085,1,1,1,2,3,3,4
E46G081084,1,1,1,2,0,3,4
E46G078094,1,2,2,3,0,4,5
E47G075011,1,1,1,1,2,2,3
E47G058006,1,1,1,1,2,2,3
E46G060094,1,2,2,2,3,3,4
E46G082093,1,2,2,3,4,5,6
E47G065002,1,1,1,2,3,4,5
E46G094090,1,0,0,0,0,0,0
E46G073091,1,2,2,3,4,5,6
E46G069093,1,2,2,2,3,3,4
E47G059009,1,1,1,1,2,2,3
E46G083085,1,2,2,3,3,3,4
E47G064009,1,2,3,4,5,6,7
E47G083004,1,1,1,2,3,4,5
E46G073095,1,2,2,3,4,4,5
E46G071087,1,1,1,1,2,2,3
E47G082003,1,2,2,3,4,5,6
E47G083009,1,0,0,0,0,0,0
E46G063089,1,2,2,3,4,4,5
E47G076004,1,1,2,3,4,5,6
E46G078092,1,2,2,3,3,4,5
E47G076009,1,1,2,2,3,4,5
E46G086094,1,2,2,3,4,4,5
E46G084086,1,2,2,3,3,3,4
E47G064001,1,2,2,3,4,5,6
E46G084087,1,2,2,3,3,3,4
E47G086006,1,0,0,0,0,0,0
E47G080002,1,2,3,4,5,6,7
E47G086005,1,0,0,0,0,0,0
E46G057095,1,1,1,1,2,2,3
E46G064090,1,2,2,3,4,4,5
E47G071005,1,1,2,3,4,5,6
E47G082001,1,2,3,4,5,6,7
E47G075003,1,1,2,3,4,5,6
E46G084089,1,2,2,3,3,3,4
E47G086007,1,0,0,0,0,0,0
E47G062013,1,0,0,0,0,0,0
E46G084093,1,2,2,3,4,5,6
E46G081085,1,1,1,2,0,3,4
E46G081092,1,2,2,3,3,4,5
E46G077087,1,1,1,2,3,3,4
E47G067004,1,1,2,3,4,5,6
E47G073004,1,1,2,3,4,5,6
E46G085089,1,2,2,3,3,3,4
E46G062096,1,2,2,3,4,5,6
E46G072092,1,2,2,3,4,5,6
E47G075012,1,1,1,2,3,3,3
E46G076086,1,1,1,2,3,3,4
E47G073007,1,2,3,4,5,6,7
E46G079088,1,2,2,3,0,4,5
E47G066011,1,1,1,2,3,4,5
E46G087088,1,2,2,3,3,3,4
E46G091089,1,1,1,2,2,2,3
E46G089094,1,2,2,3,4,4,5
E47G078005,1,1,2,3,4,5,6
E46G063088,1,2,2,2,3,3,4
E46G085095,1,2,2,3,4,4,5
E46G060090,1,2,2,3,4,5,6
E46G077095,1,2,2,3,4,4,5
E46G087095,1,2,2,3,4,4,5
E46G092092,1,0,0,0,0,0,0
E46G060096,1,2,2,3,4,5,6
E47G063005,1,2,3,4,5,5,6
E46G076092,1,2,2,3,4,5,6
E47G080012,1,0,0,0,0,0,0
E46G088094,1,2,2,3,4,4,5
E47G065009,1,1,2,3,4,5,6
E47G068012,1,2,2,3,4,4,5
E47G080009,1,2,2,2,3,4,5
E47G066003,1,1,1,2,3,4,5
E46G075095,1,1,1,2,3,3,4
E47G076010,1,1,1,1,2,2,3
E47G058009,1,1,1,2,3,3,4
E47G077008,1,2,3,3,4,5,6
E46G065088,1,2,2,2,3,3,4
E47G079003,1,2,3,4,5,6,7
E47G081008,1,2,2,2,3,4,5
E47G069008,1,1,2,3,4,5,6
E46G093090,1,2,2,3,3,3,4
E46G071096,1,2,3,4,5,6,7
E47G062003,1,2,2,3,4,5,6
E47G058007,1,1,1,2,3,3,3
E46G064091,1,2,2,3,4,4,5
E46G074093,1,2,2,3,4,5,6
E46G086088,1,2,2,3,3,3,4
E46G072087,1,1,1,2,3,3,4
E46G087094,1,2,2,3,4,4,5
E47G087005,1,0,0,0,0,0,0
E46G073087,1,1,1,2,3,3,4
E46G062095,1,2,2,2,3,3,4
E46G087090,1,2,2,3,3,3,4
E47G068002,1,1,2,3,4,5,6
E46G065089,1,2,2,3,4,4,5
E47G081002,1,2,3,4,5,6,7
E47G067002,1,1,2,3,4,5,6
E46G067087,1,1,1,1,2,2,3
E47G077002,1,1,2,3,4,5,6
E47G059001,1,1,1,2,3,4,5
E46G061091,1,2,2,3,4,5,6
E46G070091,1,2,2,3,4,4,5
E47G061002,1,2,2,3,4,5,6
E47G074006,1,2,3,4,5,6,7
E46G081096,1,2,3,4,5,6,7
E47G063006,1,2,3,4,5,6,7
E47G076003,1,1,2,3,4,5,6
E46G084094,1,2,2,3,4,5,6
E46G077085,1,1,1,2,3,3,4
E47G067010,1,1,2,3,4,5,6
E46G082091,1,2,2,3,3,4,5
E47G083007,1,2,2,2,3,4,5
E46G086095,1,2,2,3,4,4,5
E46G072096,1,2,3,4,5,6,7
E46G092089,1,2,2,3,3,3,4
E46G076095,1,2,2,3,4,4,5
E46G090092,1,1,1,2,3,3,4
E47G078004,1,1,2,3,4,5,6
E46G070090,1,2,2,3,4,4,5
E47G059002,1,1,1,2,3,4,5
E46G086089,1,2,2,3,3,3,4
E46G071085,1,1,1,1,2,2,3
E46G088095,1,2,2,3,4,4,5
E46G074085,1,1,1,2,2,2,2
E46G093088,1,0,0,0,0,0,0
E47G075004,1,1,2,3,4,5,6
E46G078089,1,1,1,2,3,3,4
E46G091093,1,1,1,2,3,3,4
E46G091088,1,1,1,2,2,2,3
E46G075092,1,2,2,3,4,5,6
E46G061094,1,2,2,2,3,3,4
E47G077009,1,1,2,2,3,4,5
E47G068013,1,0,0,0,0,0,0
E46G083090,1,2,2,3,3,3,4
E46G066095,1,2,2,2,3,4,5
E47G079011,1,2,2,2,3,3,4
E47G080001,1,2,3,4,5,6,7
E47G066012,1,2,2,3,4,4,5
E47G061010,1,1,1,2,3,4,5
E47G057007,1,1,1,2,3,3,3
E46G064093,1,2,2,2,3,3,4
E47G082010,1,0,0,0,0,0,0
E47G064010,1,1,2,3,4,5,6
E46G066088,1,2,2,2,3,3,4
E47G062009,1,2,2,3,4,5,6
E46G069087,1,1,1,1,2,2,3
E46G090094,1,1,1,2,3,3,4
E47G071003,1,1,2,3,4,5,6
E46G071089,1,2,2,3,4,4,5
E47G081001,1,2,3,4,5,6,7
E47G058005,1,1,1,2,3,3,4
E46G059093,1,1,1,1,2,2,3
E47G075008,1,2,3,3,4,5,6
E47G083001,1,2,3,4,5,6,7
E46G090095,1,0,0,0,0,0,0
E46G089091,1,2,2,3,4,4,5
E46G073089,1,2,2,3,4,4,5
E46G070089,1,2,2,3,4,4,5
E46G058092,1,0,0,0,0,0,0
E47G079008,1,2,3,3,4,5,6
E46G077096,1,2,3,4,5,6,7
E46G075093,1,2,2,3,4,5,6
E46G089086,1,0,0,0,0,0,0
E47G083006,1,1,1,1,2,3,4
E46G090087,1,0,0,0,0,0,0
E46G071094,1,2,2,2,3,4,5
E46G070093,1,2,2,2,3,3,4
E47G060005,1,2,2,3,4,4,5
E46G071092,1,2,2,3,4,4,5
E47G060006,1,2,2,3,4,5,6
E46G068090,1,2,2,3,4,4,5
E46G062093,1,2,2,2,3,3,4
E47G063012,1,2,2,3,4,5,6
E47G069001,1,2,3,4,5,6,7
E47G063008,1,2,3,4,5,6,7
E47G071007,1,1,2,3,4,5,6
E46G074091,1,2,2,3,4,5,6
E47G082006,1,1,2,2,3,4,5
E46G083092,1,2,2,3,3,4,5
E47G066013,1,0,0,0,0,0,0
E47G084005,1,1,1,1,2,3,4
E47G060009,1,2,2,2,3,4,5
E46G073088,1,2,2,3,4,4,5
E47G068011,1,1,1,2,3,3,4
E46G073092,1,2,2,3,4,5,6
E47G056003,1,1,1,2,3,4,5
E46G078085,1,1,1,2,3,3,3
E47G081006,1,1,2,2,3,4,5
E47G057001,1,1,1,2,3,4,5
E46G068087,1,1,1,1,2,2,3
E47G072006,1,2,3,4,5,6,7
E46G064096,1,2,2,3,4,5,6
E46G071095,1,2,2,2,3,4,5
E46G079090,1,2,2,3,0,3,4
E46G085086,1,2,2,3,3,3,4
E47G066008,1,1,2,3,4,5,6
E47G072011,1,1,1,1,2,2,3
E47G075013,1,0,0,0,0,0,0
E47G085007,1,0,0,0,0,0,0
E47G063013,1,0,0,0,0,0,0
E47G071008,1,1,2,3,4,5,6
E47G081005,1,1,2,2,3,4,5
E46G082086,1,2,2,3,3,3,4
E47G067008,1,1,2,3,4,5,6
E46G088089,1,2,2,3,3,3,4
E47G063001,1,2,2,3,4,5,6
E46G067094,1,2,2,2,3,4,5
E47G063011,1,1,1,2,3,4,5
E46G069090,1,2,2,3,4,4,5
E47G059011,1,1,1,1,2,2,3
E46G068091,1,1,1,2,3,3,4
E47G057005,1,1,1,2,3,3,4
E47G075010,1,1,1,1,2,2,3
E47G072009,1,1,2,2,3,4,5
E46G067092,1,2,2,3,4,4,5
E47G079001,1,2,3,4,5,6,7
E46G079092,1,2,2,3,0,4,5
E46G074084,1,1,1,2,3,3,4
E46G074088,1,2,2,3,4,4,5
E47G080005,1,1,2,3,4,5,6
E47G070003,1,1,2,3,4,5,6
E46G078090,1,1,1,2,2,2,3
E47G076001,1,2,3,4,5,6,7
E47G070001,1,2,3,4,5,6,7
E46G084088,1,2,2,3,3,3,4
E47G062012,1,2,2,3,4,4,5
E47G068008,1,1,2,3,4,5,6
E47G080011,1,2,2,2,3,3,4
E46G070092,1,2,2,3,4,4,5
E46G080092,1,2,2,3,0,4,5
E47G071011,1,1,1,2,3,3,4
E46G073093,1,2,2,3,4,5,6
E46G089088,1,2,2,3,3,3,4
E46G069094,1,2,2,2,3,4,5
E46G066093,1,2,2,2,3,3,4
E47G072002,1,1,2,3,4,5,6
E47G088002,1,0,0,0,0,0,0
E46G060092,1,2,2,3,4,5,6
E46G085091,1,2,2,3,3,4,5
E47G073006,1,2,3,4,5,6,7
E47G061009,1,2,2,3,4,5,6
E47G078008,1,1,2,2,3,4,5
E47G063003,1,2,2,3,4,5,6
E47G067007,1,1,2,3,4,5,6
E47G060011,1,1,1,1,2,2,3
E47G073005,1,2,3,4,5,6,7
E47G060012,1,2,2,2,3,3,4
E47G084003,1,2,2,3,4,5,6
E46G089092,1,2,2,3,4,4,5
E47G056001,1,0,0,0,0,0,0
E47G079004,1,1,2,3,4,5,6
E46G060095,1,2,2,2,3,3,4
E47G074003,1,1,2,3,4,5,6
E46G093091,1,0,0,0,0,0,0
E47G060008,1,2,2,3,4,5,6
E47G061013,1,0,0,0,0,0,0
E47G074011,1,1,1,1,2,2,3
E46G091090,1,1,1,2,2,2,3
E46G080084,1,1,1,2,0,3,4
E46G083093,1,2,2,3,4,5,6
E47G071006,1,1,2,3,4,5,6
E47G081003,1,2,2,3,4,5,6
E47G067006,1,1,2,3,4,5,6
E47G081004,1,1,2,3,4,5,6
E47G069010,1,1,1,2,3,4,5
E47G072010,1,1,1,1,2,3,4
E46G066096,1,2,2,3,4,5,6
E47G059006,1,1,1,1,2,2,3
E46G096091,1,0,0,0,0,0,0
E47G065005,1,1,2,3,4,4,5
E46G057094,1,1,1,1,2,2,3
E47G073010,1,1,1,1,2,3,4
E47G077001,1,2,3,4,5,6,7
E47G073001,1,2,3,4,5,6,7
E46G083087,1,2,2,3,3,3,4
E46G082090,1,2,2,3,3,3,4
E46G085090,1,2,2,3,3,3,4
E46G092088,1,2,2,3,3,3,4
E46G064095,1,2,2,2,3,3,4
E47G072007,1,2,3,4,5,6,7
E46G086092,1,2,2,3,3,3,4
E47G077011,1,1,1,1,2,2,3
E47G060010,1,1,1,1,2,3,4
E47G062006,1,2,2,3,4,5,6
E47G083003,1,2,2,3,4,5,6
E46G088096,1,2,3,4,5,5,6
E47G072003,1,1,2,3,4,5,6
E47G069012,1,2,2,3,4,4,5
E47G062008,1,2,2,3,4,5,6
E46G059091,1,1,1,2,3,4,5
E46G069088,1,2,2,2,3,3,4
E46G078091,1,1,1,2,2,3,4
E46G061090,1,2,2,3,4,5,6
E47G059010,1,1,1,1,2,2,2
E46G086093,1,2,2,3,4,4,5
E46G089093,1,2,2,3,4,4,5
E46G082095,1,2,2,3,4,4,5
E47G070011,1,1,1,2,3,3,4
E47G085005,1,1,1,1,2,3,4
E47G082009,1,2,2,2,3,4,5
E46G082085,1,2,2,3,3,3,4
E47G085004,1,1,1,2,3,4,5
E47G070013,1,0,0,0,0,0,0
E47G078003,1,2,3,4,5,6,7
E46G075088,1,2,2,3,4,4,5
E47G076002,1,1,2,3,4,5,6
E46G060091,1,2,2,3,4,5,6
E46G063093,1,2,2,2,3,3,4
E46G074096,1,1,2,3,4,5,6
E47G060007,1,2,2,3,4,5,6
E46G076090,1,2,2,3,4,4,5
E47G070008,1,1,2,3,4,5,6
E47G063010,1,1,2,3,4,5,6
E47G072001,1,2,3,4,5,6,7
E46G074086,1,1,1,2,2,2,3
E46G059096,1,1,1,2,3,4,5
E46G092093,1,0,0,0,0,0,0
E47G077004,1,1,2,3,4,5,6
E47G074009,1,1,2,2,3,4,5
E46G082089,1,2,2,3,3,3,4
E46G076091,1,2,2,3,4,5,6
E47G068010,1,1,1,2,3,4,5
E47G084006,1,1,1,1,2,3,4
E46G090089,1,1,1,2,2,2,3
E47G074005,1,2,3,4,5,6,7
E46G085088,1,2,2,3,3,3,4
E47G061006,1,2,2,3,4,5,6
E46G075086,1,1,1,2,2,2,3
E46G081095,1,2,2,3,4,4,5
E46G077091,1,1,1,2,3,4,5
E46G067096,1,2,3,4,5,6,7
E46G090088,1,1,1,2,2,2,3
E46G080094,1,2,2,3,0,4,5
E46G072089,1,2,2,3,4,4,5
E46G095092,1,0,0,0,0,0,0
E46G066086,1,0,0,0,0,0,0
E46G075090,1,2,2,3,4,4,5
E47G062010,1,1,1,2,3,4,5
E47G066010,1,1,2,3,4,5,6
E46G096092,1,0,0,0,0,0,0
E47G062007,1,2,2,3,4,5,6
E47G066002,1,1,1,2,3,4,5
E47G075007,1,2,3,4,5,6,7
E47G089001,1,0,0,0,0,0,0
E47G088004,1,0,0,0,0,0,0
E46G090093,1,1,1,2,3,3,4
E46G064094,1,2,2,2,3,3,4
E47G074004,1,1,2,3,4,5,6
E47G081011,1,0,0,0,0,0,0
E46G081091,1,2,2,3,3,4,5
E46G073094,1,2,2,3,4,5,6
E47G065001,1,2,2,3,4,5,6
E47G077010,1,1,1,1,2,2,3
E47G078011,1,1,1,1,2,2,3
E46G079091,1,2,2,3,0,4,5
E46G093092,1,0,0,0,0,0,0
E47G075009,1,1,2,2,3,4,5
E47G071004,1,1,2,3,4,5,6
E47G077007,1,2,3,4,5,6,7
E47G085002,1,2,3,4,5,6,7
E46G064087,1,0,0,0,0,0,0
E46G072093,1,2,2,3,4,5,6
E46G058094,1,1,1,1,2,2,3
E47G077003,1,2,3,4,5,6,7
E47G060004,1,2,2,3,4,5,6
E46G076088,1,2,2,3,4,4,5
E47G082002,1,2,3,4,5,6,7
E46G067091,1,2,2,3,4,4,5
E46G070085,1,1,1,1,2,2,3
E47G074002,1,1,2,3,4,5,6
E46G068092,1,2,2,3,4,4,5
E46G068093,1,2,2,2,3,3,4
E47G083002,1,2,3,4,5,6,7
E46G068086,1,1,1,1,2,2,3
E46G065093,1,2,2,2,3,3,4
E47G061008,1,2,2,3,4,5,6
E46G069091,1,2,2,3,4,4,5
E47G065010,1,1,2,3,4,5,6
E47G059005,1,1,1,1,2,2,3
E46G092091,1,2,2,3,4,4,5
E46G071093,1,2,2,2,3,3,4
E46G079093,1,2,2,3,0,4,5
E47G087004,1,0,0,0,0,0,0
E47G073012,1,2,2,2,3,3,4
E46G058093,1,1,1,1,2,2,3
E47G065007,1,1,2,3,4,5,6
E47G075001,1,1,2,3,4,5,6
E46G088088,1,2,2,3,3,3,4
E47G066005,1,1,2,3,4,5,6
E46G093089,1,2,2,3,3,3,4
E46G074094,1,2,2,3,4,5,6
E47G080008,1,2,2,2,3,4,5
E47G088001,1,2,3,4,5,5,6
E46G062089,1,2,2,3,4,4,5
E46G065090,1,2,2,3,4,4,5
E47G074007,1,2,3,4,5,6,7
E47G070004,1,1,2,3,4,5,6
E46G066091,1,2,2,3,4,4,5
E46G071086,1,1,1,1,2,2,3
E46G087091,1,2,2,3,3,3,4
E47G072012,1,2,2,2,3,3,4
E46G067088,1,2,2,2,3,3,4
E46G067093,1,2,2,2,3,3,4
E46G080095,1,2,2,3,0,4,5
E47G065006,1,1,2,3,4,5,6
E47G075005,1,2,3,4,5,6,7
E46G087092,1,2,2,3,3,3,4
E47G061005,1,2,2,3,4,5,6
E47G061001,1,2,2,3,4,5,6
E47G080003,1,2,3,4,5,6,7
E46G072088,1,2,2,3,4,4,5
E46G075096,1,1,2,3,4,5,6
E47G087002,1,1,2,3,4,4,5
E46G091096,1,0,0,0,0,0,0
E46G092095,1,0,0,0,0,0,0
E47G068006,1,1,2,3,4,5,6
E46G072090,1,2,2,3,4,4,5
E47G078010,1,1,1,1,2,2,3
E47G082007,1,2,2,2,3,4,5
E47G064002,1,2,2,3,4,5,6
E46G077092,1,2,2,3,3,4,5
E46G079095,1,2,2,3,0,4,5
E47G078007,1,1,2,3,4,5,6
E46G063095,1,2,2,2,3,3,4
E47G083005,1,1,1,1,2,3,4
E47G077013,1,0,0,0,0,0,0
E46G063096,1,2,2,3,4,5,6
E47G067003,1,1,2,3,4,5,6
E47G076013,1,0,0,0,0,0,0
E47G087001,1,2,3,4,5,5,6
E47G065011,1,1,1,2,3,4,5
E46G063090,1,2,2,3,4,4,5
E46G078084,1,1,1,2,3,3,4
E46G070095,1,2,2,2,3,4,5
E46G085092,1,2,2,3,3,4,5
E47G073009,1,1,2,2,3,4,5
E46G063092,1,2,2,3,4,4,5
E46G090096,1,0,0,0,0,0,0
E46G084092,1,2,2,3,3,4,5
E47G063002,1,2,2,3,4,5,6
E46G077088,1,1,1,2,3,3,4
E47G058004,1,1,1,2,3,3,4
E47G069011,1,1,1,2,3,3,4
E46G079094,1,2,2,3,0,4,5
E47G065013,1,0,0,0,0,0,0
E47G084001,1,2,3,4,5,6,7
E47G070012,1,2,2,3,4,4,5
E46G080089,1,2,2,3,0,4,5
E47G063009,1,2,3,4,5,6,7
E46G070088,1,2,2,2,3,3,4
E46G089095,1,2,2,3,4,4,5
E46G083091,1,2,2,3,3,4,5
E47G062001,1,2,2,3,4,5,6
E47G073011,1,1,1,1,2,2,3
E46G064092,1,2,2,3,4,4,5
E47G056002,1,1,1,2,3,4,5
E46G091091,1,1,1,2,3,3,4
E46G074089,1,2,2,3,4,4,5
E47G061003,1,2,2,3,4,5,6
E47G068009,1,1,2,3,4,5,6
E46G086096,1,2,3,4,5,5,6
E47G089002,1,0,0,0,0,0,0
E46G084096,1,2,3,4,5,6,7
E47G070005,1,1,2,3,4,5,6
E46G080085,1,1,1,2,0,3,4
E46G086086,1,2,2,3,3,3,4
E47G063004,1,2,3,4,5,6,7
E47G085008,1,0,0,0,0,0,0
E46G091095,1,0,0,0,0,0,0
E46G086087,1,2,2,3,3,3,4
E47G085001,1,2,3,4,5,6,7
E46G081088,1,2,2,3,4,4,5
E47G057002,1,1,1,2,3,4,5
E47G057006,1,1,1,1,2,2,3
E46G065092,1,2,2,3,4,4,5
E46G067086,1,1,1,1,2,2,3
E47G081009,1,2,2,2,3,4,5
E46G075089,1,2,2,3,4,4,5
E47G065003,1,1,1,2,3,4,5
E47G060003,1,2,2,3,4,5,6
E47G075006,1,2,3,4,5,6,7
E46G076093,1,2,2,3,4,5,6
E46G068095,1,2,2,2,3,4,5
E47G082008,1,2,2,2,3,4,5
E46G071088,1,2,2,2,3,3,4
E46G079089,1,2,2,3,0,4,5
E47G086001,1,2,3,4,5,5,6
E47G077006,1,2,3,4,5,6,7
E46G060093,1,2,2,2,3,3,4
E47G058008,1,1,1,2,3,3,4
E46G067090,1,2,2,3,4,4,5
E47G069003,1,1,2,3,4,5,6
E46G063091,1,2,2,3,4,4,5
E47G069013,1,0,0,0,0,0,0
E47G071013,1,0,0,0,0,0,0
E46G070087,1,1,1,1,2,2,3
E46G077093,1,2,2,3,4,5,6
E46G069095,1,2,2,2,3,4,5
E46G070096,1,2,3,4,5,6,7
E46G089087,1,2,2,3,3,3,4
E47G071009,1,1,2,3,4,5,6
E46G085087,1,2,2,3,3,3,4
E47G064005,1,2,3,4,5,5,6
E47G073003,1,1,2,3,4,5,6
E46G061093,1,2,2,2,3,3,4
E47G068005,1,1,2,3,4,5,6
E46G091094,1,0,0,0,0,0,0
E47G080006,1,1,2,2,3,4,5
E47G066001,1,2,2,3,4,5,6
E46G083084,0,1,1,2,3,3,4
E47G060002,1,2,2,3,4,5,6
E46G058096,1,1,1,2,3,4,5
E46G085096,1,2,3,4,5,5,6
E46G069092,1,2,2,3,4,4,5
E47G084007,1,0,0,0,0,0,0
E46G079096,1,2,3,4,0,5,6
E47G085003,1,2,2,3,4,5,6
E47G059008,1,1,1,1,2,2,3
E47G072004,1,1,2,3,4,5,6
E47G069005,1,1,2,3,4,5,6
E47G081007,1,2,2,2,3,4,5
E47G066007,1,1,2,3,4,5,6
E47G061004,1,2,2,3,4,5,6
E47G061011,1,1,1,2,3,3,4
E47G080007,1,2,2,2,3,4,5
E47G067013,1,0,0,0,0,0,0
E46G076084,1,1,1,2,3,3,4
E47G073013,1,0,0,0,0,0,0
E46G081090,1,2,2,3,3,3,4
E47G079006,1,1,2,3,4,5,6
E46G083086,1,2,2,3,3,3,4
E46G072086,1,1,1,2,3,3,4
E47G069007,1,1,2,3,4,5,6
E46G066090,1,2,2,3,4,4,5
E47G058002,1,1,1,2,3,4,5
E46G083089,1,2,2,3,3,3,4
E46G080090,1,2,2,3,0,3,4
E46G088092,1,2,2,3,4,4,5
E47G078013,1,0,0,0,0,0,0
E46G058095,1,1,1,1,2,2,3
E46G062090,1,2,2,3,4,4,5
E47G078006,1,1,2,3,4,5,6
E47G072008,1,2,3,3,4,5,6
E47G067001,1,2,3,4,5,6,7
E46G062094,1,2,2,2,3,3,4
E46G069085,1,1,1,1,2,2,3
E46G078088,1,1,1,2,3,3,4
E47G057004,1,1,1,2,3,3,4
E47G067005,1,1,2,3,4,5,6
E46G082084,1,2,2,3,4,4,5
E47G064011,1,1,1,2,3,4,5
E46G078086,1,1,1,2,3,3,4
E46G094093,1,0,0,0,0,0,0
E47G056005,1,0,0,0,0,0,0
E47G071001,1,2,3,4,5,6,7
E46G065087,1,1,1,1,2,2,3
E46G076094,1,2,2,3,4,5,6
E47G088003,1,0,0,0,0,0,0
E46G075085,1,1,1,2,2,2,2
E47G064007,1,2,3,4,5,6,7
E46G082087,1,2,2,3,3,3,4
E47G076012,1,1,1,2,3,3,3
E47G067009,1,1,2,3,4,5,6
E46G062092,1,2,2,3,4,4,5
E46G082092,1,2,2,3,3,4,5
E47G086002,1,1,2,3,4,4,5
E46G074092,1,2,2,3,4,5,6
E47G059007,1,1,1,1,2,2,2
E46G080088,1,2,2,3,0,4,5
E46G095090,1,0,0,0,0,0,0
E47G067011,1,1,1,2,3,3,4
E46G064088,1,2,2,2,3,3,4
E46G073086,1,1,1,2,3,3,4
E47G056004,1,1,1,2,3,3,4
E46G077086,1,1,1,2,3,3,4
E47G065012,1,2,2,3,4,5,6
E46G079084,1,1,1,2,0,3,4
E46G078095,1,2,2,3,0,4,5
E46G061096,1,2,2,3,4,5,6
E47G060001,1,2,2,3,4,5,6
E46G080091,1,2,2,3,0,4,5
E46G091087,1,0,0,0,0,0,0
E47G087003,1,0,0,0,0,0,0
E47G070006,1,1,2,3,4,5,6
E47G065004,1,1,2,3,4,5,6
E46G087087,1,2,2,3,3,3,4
E46G057096,1,1,1,2,3,4,5
E47G086004,1,1,1,2,3,4,5
E46G084085,1,2,2,3,3,3,4
E46G081089,1,2,2,3,4,4,5
E46G075084,1,1,1,2,3,3,4
E46G087093,1,2,2,3,4,4,5
E47G062004,1,2,2,3,4,5,6
E47G077005,1,2,3,4,5,6,7
E47G068007,1,1,2,3,4,5,6
E46G089089,1,2,2,3,3,3,4
E46G076096,1,2,3,4,5,6,7
E47G071012,1,2,2,3,4,4,5
E46G081087,1,1,1,2,0,3,4
E47G078009,1,1,2,2,3,4,5
E46G065091,1,2,2,3,4,4,5
E46G090091,1,1,1,2,3,3,4
E46G077094,1,2,2,3,4,5,6
E47G082005,1,1,2,2,3,4,5
E46G087089,1,2,2,3,3,3,4
E46G074095,1,1,1,2,3,3,4
E47G072005,1,2,3,4,5,6,7
E47G074010,1,1,1,1,2,2,3
